{
    "clearColor": {
        "a": false,
        "b": 0.0,
        "g": 0.0,
        "r": 0.0
    },
    "configFlags": 1,
    "header": 1,
    "skyGradient": [
        {
            "colorFrom": {
                "a": false,
                "b": 0.0,
                "g": 0.33725491166114807,
                "r": 0.8235294222831726
            },
            "colorTo": {
                "a": false,
                "b": 0.0,
                "g": 0.7647058963775635,
                "r": 0.9333333373069763
            },
            "posFrom": 120.0,
            "posTo": 20.0
        },
        {
            "colorFrom": {
                "a": false,
                "b": 0.0,
                "g": 0.7647058963775635,
                "r": 0.9333333373069763
            },
            "colorTo": {
                "a": false,
                "b": 0.0,
                "g": 0.5333333611488342,
                "r": 0.4313725531101227
            },
            "posFrom": 20.0,
            "posTo": 0.0
        },
        {
            "colorFrom": {
                "a": false,
                "b": 0.0,
                "g": 0.5333333611488342,
                "r": 0.4313725531101227
            },
            "colorTo": {
                "a": false,
                "b": 0.0,
                "g": 0.42352941632270813,
                "r": 0.2980392277240753
            },
            "posFrom": 0.0,
            "posTo": -120.0
        }
    ]
}
